消费账号,接口密钥名称,消费接口,消费模型,消费金额,代金券后消费金额,输入消费数,输出消费数,总消费数,消费时间,消费结果
主账号,coding_plan,cache-create(Text API),MiniMax-M2.7,0.0000,0.0000,271960,0,271960,2026-04-17 22:00-23:00,SUCCESS
主账号,coding_plan,cache-read(Text API),MiniMax-M2.7,0.0000,0.0000,2628210,0,2628210,2026-04-17 22:00-23:00,SUCCESS
主账号,coding_plan,chatcompletion-v2(Text API),MiniMax-M2.7,0.0000,0.0000,1672699,16836,1689535,2026-04-17 22:00-23:00,SUCCESS
主账号,coding_plan,code_plan_resource_package,coding-plan-search,0.0000,0.0000,6,0,6,2026-04-17 22:00-23:00,SUCCESS
主账号,coding_plan,cache-create(Text API),MiniMax-M2.7,0.0000,0.0000,123509,0,123509,2026-04-17 21:00-22:00,SUCCESS
主账号,coding_plan,cache-read(Text API),MiniMax-M2.7,0.0000,0.0000,298170,0,298170,2026-04-17 21:00-22:00,SUCCESS
主账号,coding_plan,chatcompletion-v2(Text API),MiniMax-M2.7,0.0000,0.0000,31171,2525,33696,2026-04-17 21:00-22:00,SUCCESS
主账号,coding_plan,cache-create(Text API),MiniMax-M2.7,0.0000,0.0000,3284,0,3284,2026-04-17 20:00-21:00,SUCCESS
主账号,coding_plan,cache-read(Text API),MiniMax-M2.7,0.0000,0.0000,726730,0,726730,2026-04-17 20:00-21:00,SUCCESS
主账号,coding_plan,chatcompletion-v2(Text API),MiniMax-M2.7,0.0000,0.0000,241721,7045,248766,2026-04-17 20:00-21:00,SUCCESS
主账号,coding_plan,cache-read(Text API),MiniMax-M2.7,0.0000,0.0000,4457760,0,4457760,2026-04-17 19:00-20:00,SUCCESS
主账号,coding_plan,cache-create(Text API),MiniMax-M2.7,0.0000,0.0000,370857,0,370857,2026-04-17 19:00-20:00,SUCCESS
主账号,coding_plan,chatcompletion-v2(Text API),MiniMax-M2.7,0.0000,0.0000,4175695,96783,4272478,2026-04-17 19:00-20:00,SUCCESS
主账号,coding_plan,code_plan_resource_package,coding-plan-search,0.0000,0.0000,60,0,60,2026-04-17 19:00-20:00,SUCCESS
主账号,coding_plan,cache-read(Text API),MiniMax-M2.7,0.0000,0.0000,2222938,0,2222938,2026-04-17 17:00-18:00,SUCCESS
主账号,coding_plan,cache-create(Text API),MiniMax-M2.7,0.0000,0.0000,105123,0,105123,2026-04-17 17:00-18:00,SUCCESS
主账号,coding_plan,chatcompletion-v2(Text API),MiniMax-M2.7,0.0000,0.0000,952602,9931,962533,2026-04-17 17:00-18:00,SUCCESS
主账号,coding_plan,cache-create(Text API),MiniMax-M2.7,0.0000,0.0000,91754,0,91754,2026-04-17 16:00-17:00,SUCCESS
主账号,coding_plan,cache-read(Text API),MiniMax-M2.7,0.0000,0.0000,4771980,0,4771980,2026-04-17 16:00-17:00,SUCCESS
主账号,coding_plan,chatcompletion-v2(Text API),MiniMax-M2.7,0.0000,0.0000,3400966,32692,3433658,2026-04-17 16:00-17:00,SUCCESS
主账号,coding_plan,cache-create(Text API),MiniMax-M2.7,0.0000,0.0000,20431,0,20431,2026-04-17 15:00-16:00,SUCCESS
主账号,coding_plan,cache-read(Text API),MiniMax-M2.7,0.0000,0.0000,5627885,0,5627885,2026-04-17 15:00-16:00,SUCCESS
主账号,coding_plan,chatcompletion-v2(Text API),MiniMax-M2.7,0.0000,0.0000,1833457,39292,1872749,2026-04-17 15:00-16:00,SUCCESS
主账号,coding_plan,cache-create(Text API),MiniMax-M2.7,0.0000,0.0000,19843,0,19843,2026-04-17 14:00-15:00,SUCCESS
主账号,coding_plan,cache-read(Text API),MiniMax-M2.7,0.0000,0.0000,5308897,0,5308897,2026-04-17 14:00-15:00,SUCCESS
主账号,coding_plan,chatcompletion-v2(Text API),MiniMax-M2.7,0.0000,0.0000,196306,39372,235678,2026-04-17 14:00-15:00,SUCCESS
主账号,coding_plan,cache-create(Text API),MiniMax-M2.7,0.0000,0.0000,191236,0,191236,2026-04-17 13:00-14:00,SUCCESS
主账号,coding_plan,cache-read(Text API),MiniMax-M2.7,0.0000,0.0000,817439,0,817439,2026-04-17 13:00-14:00,SUCCESS
主账号,coding_plan,chatcompletion-v2(Text API),MiniMax-M2.7,0.0000,0.0000,2195192,20743,2215935,2026-04-17 13:00-14:00,SUCCESS
主账号,coding_plan,cache-create(Text API),MiniMax-M2.7,0.0000,0.0000,168235,0,168235,2026-04-17 11:00-12:00,SUCCESS
主账号,coding_plan,cache-read(Text API),MiniMax-M2.7,0.0000,0.0000,3225691,0,3225691,2026-04-17 11:00-12:00,SUCCESS
主账号,coding_plan,chatcompletion-v2(Text API),MiniMax-M2.7,0.0000,0.0000,9463321,30870,9494191,2026-04-17 11:00-12:00,SUCCESS
主账号,coding_plan,cache-read(Text API),MiniMax-M2.7,0.0000,0.0000,5203188,0,5203188,2026-04-17 10:00-11:00,SUCCESS
主账号,coding_plan,cache-create(Text API),MiniMax-M2.7,0.0000,0.0000,567620,0,567620,2026-04-17 10:00-11:00,SUCCESS
主账号,coding_plan,chatcompletion-v2(Text API),MiniMax-M2.7,0.0000,0.0000,4399456,113192,4512648,2026-04-17 10:00-11:00,SUCCESS
主账号,coding_plan,code_plan_resource_package,coding-plan-search,0.0000,0.0000,62,0,62,2026-04-17 10:00-11:00,SUCCESS
主账号,coding_plan,cache-create(Text API),MiniMax-M2.7,0.0000,0.0000,130472,0,130472,2026-04-17 09:00-10:00,SUCCESS
主账号,coding_plan,cache-read(Text API),MiniMax-M2.7,0.0000,0.0000,410465,0,410465,2026-04-17 09:00-10:00,SUCCESS
主账号,coding_plan,chatcompletion-v2(Text API),MiniMax-M2.7,0.0000,0.0000,138067,12286,150353,2026-04-17 09:00-10:00,SUCCESS
主账号,coding_plan,cache-create(Text API),MiniMax-M2.7,0.0000,0.0000,54498,0,54498,2026-04-17 08:00-09:00,SUCCESS
主账号,coding_plan,cache-read(Text API),MiniMax-M2.7,0.0000,0.0000,487993,0,487993,2026-04-17 08:00-09:00,SUCCESS
主账号,coding_plan,chatcompletion-v2(Text API),MiniMax-M2.7,0.0000,0.0000,386989,18696,405685,2026-04-17 08:00-09:00,SUCCESS
主账号,coding_plan,code_plan_resource_package,coding-plan-search,0.0000,0.0000,35,0,35,2026-04-17 08:00-09:00,SUCCESS
主账号,coding_plan,cache-create(Text API),MiniMax-M2.7,0.0000,0.0000,173149,0,173149,2026-04-16 22:00-23:00,SUCCESS
主账号,coding_plan,cache-read(Text API),MiniMax-M2.7,0.0000,0.0000,1347807,0,1347807,2026-04-16 22:00-23:00,SUCCESS
主账号,coding_plan,chatcompletion-v2(Text API),MiniMax-M2.7,0.0000,0.0000,993099,26431,1019530,2026-04-16 22:00-23:00,SUCCESS
主账号,coding_plan,cache-create(Text API),MiniMax-M2.7,0.0000,0.0000,27436,0,27436,2026-04-16 21:00-22:00,SUCCESS
主账号,coding_plan,cache-read(Text API),MiniMax-M2.7,0.0000,0.0000,1261829,0,1261829,2026-04-16 21:00-22:00,SUCCESS
主账号,coding_plan,chatcompletion-v2(Text API),MiniMax-M2.7,0.0000,0.0000,224218,25421,249639,2026-04-16 21:00-22:00,SUCCESS
主账号,coding_plan,cache-read(Text API),MiniMax-M2.7,0.0000,0.0000,1146240,0,1146240,2026-04-16 17:00-18:00,SUCCESS
主账号,coding_plan,chatcompletion-v2(Text API),MiniMax-M2.7,0.0000,0.0000,51635,22428,74063,2026-04-16 17:00-18:00,SUCCESS
主账号,coding_plan,cache-read(Text API),MiniMax-M2.7,0.0000,0.0000,553075,0,553075,2026-04-16 16:00-17:00,SUCCESS
主账号,coding_plan,cache-create(Text API),MiniMax-M2.7,0.0000,0.0000,182,0,182,2026-04-16 16:00-17:00,SUCCESS
主账号,coding_plan,chatcompletion-v2(Text API),MiniMax-M2.7,0.0000,0.0000,51391,4781,56172,2026-04-16 16:00-17:00,SUCCESS
主账号,coding_plan,cache-read(Text API),MiniMax-M2.7,0.0000,0.0000,1014749,0,1014749,2026-04-16 15:00-16:00,SUCCESS
主账号,coding_plan,cache-create(Text API),MiniMax-M2.7,0.0000,0.0000,16686,0,16686,2026-04-16 15:00-16:00,SUCCESS
主账号,coding_plan,chatcompletion-v2(Text API),MiniMax-M2.7,0.0000,0.0000,140679,18605,159284,2026-04-16 15:00-16:00,SUCCESS
主账号,coding_plan,cache-read(Text API),MiniMax-M2.7,0.0000,0.0000,7359680,0,7359680,2026-04-16 13:00-14:00,SUCCESS
主账号,coding_plan,chatcompletion-v2(Text API),MiniMax-M2.7,0.0000,0.0000,99530,18932,118462,2026-04-16 13:00-14:00,SUCCESS
主账号,coding_plan,cache-read(Text API),MiniMax-M2.7,0.0000,0.0000,2430336,0,2430336,2026-04-16 11:00-12:00,SUCCESS
主账号,coding_plan,chatcompletion-v2(Text API),MiniMax-M2.7,0.0000,0.0000,141266,21045,162311,2026-04-16 11:00-12:00,SUCCESS
主账号,coding_plan,cache-read(Text API),MiniMax-M2.7,0.0000,0.0000,3416714,0,3416714,2026-04-16 10:00-11:00,SUCCESS
主账号,coding_plan,cache-create(Text API),MiniMax-M2.7,0.0000,0.0000,393006,0,393006,2026-04-16 10:00-11:00,SUCCESS
主账号,coding_plan,chatcompletion-v2(Text API),MiniMax-M2.7,0.0000,0.0000,3483072,28074,3511146,2026-04-16 10:00-11:00,SUCCESS
主账号,coding_plan,cache-read(Text API),MiniMax-M2.7,0.0000,0.0000,3347749,0,3347749,2026-04-16 09:00-10:00,SUCCESS
主账号,coding_plan,cache-create(Text API),MiniMax-M2.7,0.0000,0.0000,416843,0,416843,2026-04-16 09:00-10:00,SUCCESS
主账号,coding_plan,chatcompletion-v2(Text API),MiniMax-M2.7,0.0000,0.0000,3412734,22964,3435698,2026-04-16 09:00-10:00,SUCCESS
主账号,coding_plan,code_plan_resource_package,coding-plan-search,0.0000,0.0000,1,0,1,2026-04-16 09:00-10:00,SUCCESS
主账号,coding_plan,cache-create(Text API),MiniMax-M2.7,0.0000,0.0000,73580,0,73580,2026-04-16 08:00-09:00,SUCCESS
主账号,coding_plan,cache-read(Text API),MiniMax-M2.7,0.0000,0.0000,306135,0,306135,2026-04-16 08:00-09:00,SUCCESS
主账号,coding_plan,chatcompletion-v2(Text API),MiniMax-M2.7,0.0000,0.0000,140295,4352,144647,2026-04-16 08:00-09:00,SUCCESS
主账号,coding_plan,cache-read(Text API),MiniMax-M2.7,0.0000,0.0000,3698137,0,3698137,2026-04-15 21:00-22:00,SUCCESS
主账号,coding_plan,cache-create(Text API),MiniMax-M2.7,0.0000,0.0000,188328,0,188328,2026-04-15 21:00-22:00,SUCCESS
主账号,coding_plan,chatcompletion-v2(Text API),MiniMax-M2.7,0.0000,0.0000,6698960,78540,6777500,2026-04-15 21:00-22:00,SUCCESS
主账号,coding_plan,code_plan_resource_package,coding-plan-search,0.0000,0.0000,1,0,1,2026-04-15 21:00-22:00,SUCCESS
主账号,coding_plan,cache-create(Text API),MiniMax-M2.7,0.0000,0.0000,48735,0,48735,2026-04-15 20:00-21:00,SUCCESS
主账号,coding_plan,cache-read(Text API),MiniMax-M2.7,0.0000,0.0000,86916,0,86916,2026-04-15 20:00-21:00,SUCCESS
主账号,coding_plan,chatcompletion-v2(Text API),MiniMax-M2.7,0.0000,0.0000,5459,2506,7965,2026-04-15 20:00-21:00,SUCCESS
主账号,coding_plan,cache-read(Text API),MiniMax-M2.7,0.0000,0.0000,1354637,0,1354637,2026-04-15 17:00-18:00,SUCCESS
主账号,coding_plan,cache-create(Text API),MiniMax-M2.7,0.0000,0.0000,116857,0,116857,2026-04-15 17:00-18:00,SUCCESS
主账号,coding_plan,chatcompletion-v2(Text API),MiniMax-M2.7,0.0000,0.0000,956582,24695,981277,2026-04-15 17:00-18:00,SUCCESS
主账号,coding_plan,cache-read(Text API),MiniMax-M2.7,0.0000,0.0000,556843,0,556843,2026-04-15 16:00-17:00,SUCCESS
主账号,coding_plan,cache-create(Text API),MiniMax-M2.7,0.0000,0.0000,8553,0,8553,2026-04-15 16:00-17:00,SUCCESS
主账号,coding_plan,chatcompletion-v2(Text API),MiniMax-M2.7,0.0000,0.0000,28241,8678,36919,2026-04-15 16:00-17:00,SUCCESS
主账号,coding_plan,cache-create(Text API),MiniMax-M2.7,0.0000,0.0000,4916,0,4916,2026-04-15 15:00-16:00,SUCCESS
主账号,coding_plan,cache-read(Text API),MiniMax-M2.7,0.0000,0.0000,382072,0,382072,2026-04-15 15:00-16:00,SUCCESS
主账号,coding_plan,chatcompletion-v2(Text API),MiniMax-M2.7,0.0000,0.0000,117892,5134,123026,2026-04-15 15:00-16:00,SUCCESS
主账号,coding_plan,cache-read(Text API),MiniMax-M2.7,0.0000,0.0000,4327936,0,4327936,2026-04-15 14:00-15:00,SUCCESS
主账号,coding_plan,chatcompletion-v2(Text API),MiniMax-M2.7,0.0000,0.0000,20935,11525,32460,2026-04-15 14:00-15:00,SUCCESS
主账号,coding_plan,cache-read(Text API),MiniMax-M2.7,0.0000,0.0000,3415296,0,3415296,2026-04-15 13:00-14:00,SUCCESS
主账号,coding_plan,chatcompletion-v2(Text API),MiniMax-M2.7,0.0000,0.0000,118378,24214,142592,2026-04-15 13:00-14:00,SUCCESS
主账号,coding_plan,cache-read(Text API),MiniMax-M2.7,0.0000,0.0000,188672,0,188672,2026-04-15 11:00-12:00,SUCCESS
主账号,coding_plan,cache-create(Text API),MiniMax-M2.7,0.0000,0.0000,37642,0,37642,2026-04-15 11:00-12:00,SUCCESS
主账号,coding_plan,chatcompletion-v2(Text API),MiniMax-M2.7,0.0000,0.0000,27303,3558,30861,2026-04-15 11:00-12:00,SUCCESS
主账号,coding_plan,cache-read(Text API),MiniMax-M2.7,0.0000,0.0000,46980,0,46980,2026-04-15 10:00-11:00,SUCCESS
主账号,coding_plan,cache-create(Text API),MiniMax-M2.7,0.0000,0.0000,109335,0,109335,2026-04-15 10:00-11:00,SUCCESS
主账号,coding_plan,chatcompletion-v2(Text API),MiniMax-M2.7,0.0000,0.0000,971,3248,4219,2026-04-15 10:00-11:00,SUCCESS
主账号,coding_plan,cache-create(Text API),MiniMax-M2.7,0.0000,0.0000,57586,0,57586,2026-04-15 08:00-09:00,SUCCESS
主账号,coding_plan,cache-read(Text API),MiniMax-M2.7,0.0000,0.0000,450763,0,450763,2026-04-15 08:00-09:00,SUCCESS
主账号,coding_plan,chatcompletion-v2(Text API),MiniMax-M2.7,0.0000,0.0000,10039,8271,18310,2026-04-15 08:00-09:00,SUCCESS
主账号,coding_plan,cache-create(Text API),MiniMax-M2.7,0.0000,0.0000,130727,0,130727,2026-04-15 07:00-08:00,SUCCESS
主账号,coding_plan,cache-read(Text API),MiniMax-M2.7,0.0000,0.0000,532416,0,532416,2026-04-15 07:00-08:00,SUCCESS
主账号,coding_plan,chatcompletion-v2(Text API),MiniMax-M2.7,0.0000,0.0000,201538,6564,208102,2026-04-15 07:00-08:00,SUCCESS
主账号,coding_plan,cache-read(Text API),MiniMax-M2.7,0.0000,0.0000,174435,0,174435,2026-04-15 06:00-07:00,SUCCESS
主账号,coding_plan,cache-create(Text API),MiniMax-M2.7,0.0000,0.0000,94883,0,94883,2026-04-15 06:00-07:00,SUCCESS
主账号,coding_plan,chatcompletion-v2(Text API),MiniMax-M2.7,0.0000,0.0000,2515,3893,6408,2026-04-15 06:00-07:00,SUCCESS
主账号,coding_plan,cache-read(Text API),MiniMax-M2.7,0.0000,0.0000,506752,0,506752,2026-04-14 17:00-18:00,SUCCESS
主账号,coding_plan,chatcompletion-v2(Text API),MiniMax-M2.7,0.0000,0.0000,11300,10176,21476,2026-04-14 17:00-18:00,SUCCESS
主账号,coding_plan,cache-create(Text API),MiniMax-M2.7,0.0000,0.0000,29341,0,29341,2026-04-14 16:00-17:00,SUCCESS
主账号,coding_plan,cache-read(Text API),MiniMax-M2.7,0.0000,0.0000,326300,0,326300,2026-04-14 16:00-17:00,SUCCESS
主账号,coding_plan,chatcompletion-v2(Text API),MiniMax-M2.7,0.0000,0.0000,36119,5726,41845,2026-04-14 16:00-17:00,SUCCESS
主账号,coding_plan,cache-read(Text API),MiniMax-M2.7,0.0000,0.0000,265950,0,265950,2026-04-14 13:00-14:00,SUCCESS
主账号,coding_plan,cache-create(Text API),MiniMax-M2.7,0.0000,0.0000,50551,0,50551,2026-04-14 13:00-14:00,SUCCESS
主账号,coding_plan,chatcompletion-v2(Text API),MiniMax-M2.7,0.0000,0.0000,43583,2708,46291,2026-04-14 13:00-14:00,SUCCESS
主账号,coding_plan,cache-read(Text API),MiniMax-M2.7,0.0000,0.0000,185664,0,185664,2026-04-14 11:00-12:00,SUCCESS
主账号,coding_plan,chatcompletion-v2(Text API),MiniMax-M2.7,0.0000,0.0000,24342,5119,29461,2026-04-14 11:00-12:00,SUCCESS
主账号,coding_plan,cache-create(Text API),MiniMax-M2.7,0.0000,0.0000,57671,0,57671,2026-04-14 10:00-11:00,SUCCESS
主账号,coding_plan,cache-read(Text API),MiniMax-M2.7,0.0000,0.0000,336342,0,336342,2026-04-14 10:00-11:00,SUCCESS
主账号,coding_plan,chatcompletion-v2(Text API),MiniMax-M2.7,0.0000,0.0000,50931,5400,56331,2026-04-14 10:00-11:00,SUCCESS
主账号,coding_plan,cache-read(Text API),MiniMax-M2.7,0.0000,0.0000,1498226,0,1498226,2026-04-14 09:00-10:00,SUCCESS
主账号,coding_plan,cache-create(Text API),MiniMax-M2.7,0.0000,0.0000,83212,0,83212,2026-04-14 09:00-10:00,SUCCESS
主账号,coding_plan,chatcompletion-v2(Text API),MiniMax-M2.7,0.0000,0.0000,99751,24024,123775,2026-04-14 09:00-10:00,SUCCESS
主账号,coding_plan,cache-read(Text API),MiniMax-M2.7,0.0000,0.0000,143127,0,143127,2026-04-13 21:00-22:00,SUCCESS
主账号,coding_plan,cache-create(Text API),MiniMax-M2.7,0.0000,0.0000,33016,0,33016,2026-04-13 21:00-22:00,SUCCESS
主账号,coding_plan,chatcompletion-v2(Text API),MiniMax-M2.7,0.0000,0.0000,42234,1478,43712,2026-04-13 21:00-22:00,SUCCESS
主账号,coding_plan,cache-read(Text API),MiniMax-M2.7,0.0000,0.0000,396112,0,396112,2026-04-13 20:00-21:00,SUCCESS
主账号,coding_plan,cache-create(Text API),MiniMax-M2.7,0.0000,0.0000,50498,0,50498,2026-04-13 20:00-21:00,SUCCESS
主账号,coding_plan,chatcompletion-v2(Text API),MiniMax-M2.7,0.0000,0.0000,51641,5326,56967,2026-04-13 20:00-21:00,SUCCESS
主账号,coding_plan,cache-read(Text API),MiniMax-M2.7,0.0000,0.0000,206759,0,206759,2026-04-13 17:00-18:00,SUCCESS
主账号,coding_plan,cache-create(Text API),MiniMax-M2.7,0.0000,0.0000,1823,0,1823,2026-04-13 17:00-18:00,SUCCESS
主账号,coding_plan,chatcompletion-v2(Text API),MiniMax-M2.7,0.0000,0.0000,62091,2551,64642,2026-04-13 17:00-18:00,SUCCESS
主账号,coding_plan,cache-create(Text API),MiniMax-M2.7,0.0000,0.0000,3699,0,3699,2026-04-13 16:00-17:00,SUCCESS
主账号,coding_plan,cache-read(Text API),MiniMax-M2.7,0.0000,0.0000,827086,0,827086,2026-04-13 16:00-17:00,SUCCESS
主账号,coding_plan,chatcompletion-v2(Text API),MiniMax-M2.7,0.0000,0.0000,134020,14325,148345,2026-04-13 16:00-17:00,SUCCESS
主账号,coding_plan,cache-read(Text API),MiniMax-M2.7,0.0000,0.0000,250870,0,250870,2026-04-13 15:00-16:00,SUCCESS
主账号,coding_plan,chatcompletion-v2(Text API),MiniMax-M2.7,0.0000,0.0000,32020,3577,35597,2026-04-13 15:00-16:00,SUCCESS
主账号,coding_plan,cache-create(Text API),MiniMax-M2.7,0.0000,0.0000,326751,0,326751,2026-04-13 14:00-15:00,SUCCESS
主账号,coding_plan,cache-read(Text API),MiniMax-M2.7,0.0000,0.0000,2519359,0,2519359,2026-04-13 14:00-15:00,SUCCESS
主账号,coding_plan,chatcompletion-v2(Text API),MiniMax-M2.7,0.0000,0.0000,5961944,37161,5999105,2026-04-13 14:00-15:00,SUCCESS
主账号,coding_plan,cache-read(Text API),MiniMax-M2.7,0.0000,0.0000,1327996,0,1327996,2026-04-13 13:00-14:00,SUCCESS
主账号,coding_plan,cache-create(Text API),MiniMax-M2.7,0.0000,0.0000,206301,0,206301,2026-04-13 13:00-14:00,SUCCESS
主账号,coding_plan,chatcompletion-v2(Text API),MiniMax-M2.7,0.0000,0.0000,2465745,16475,2482220,2026-04-13 13:00-14:00,SUCCESS
主账号,coding_plan,cache-read(Text API),MiniMax-M2.7,0.0000,0.0000,1183978,0,1183978,2026-04-13 11:00-12:00,SUCCESS
主账号,coding_plan,cache-create(Text API),MiniMax-M2.7,0.0000,0.0000,49270,0,49270,2026-04-13 11:00-12:00,SUCCESS
主账号,coding_plan,chatcompletion-v2(Text API),MiniMax-M2.7,0.0000,0.0000,438310,33856,472166,2026-04-13 11:00-12:00,SUCCESS
主账号,coding_plan,cache-read(Text API),MiniMax-M2.7,0.0000,0.0000,1189152,0,1189152,2026-04-13 10:00-11:00,SUCCESS
主账号,coding_plan,cache-create(Text API),MiniMax-M2.7,0.0000,0.0000,99573,0,99573,2026-04-13 10:00-11:00,SUCCESS
主账号,coding_plan,chatcompletion-v2(Text API),MiniMax-M2.7,0.0000,0.0000,214992,27732,242724,2026-04-13 10:00-11:00,SUCCESS
主账号,coding_plan,cache-create(Text API),MiniMax-M2.7,0.0000,0.0000,51962,0,51962,2026-04-13 09:00-10:00,SUCCESS
主账号,coding_plan,cache-read(Text API),MiniMax-M2.7,0.0000,0.0000,333037,0,333037,2026-04-13 09:00-10:00,SUCCESS
主账号,coding_plan,chatcompletion-v2(Text API),MiniMax-M2.7,0.0000,0.0000,9590,7597,17187,2026-04-13 09:00-10:00,SUCCESS
主账号,coding_plan,cache-create(Text API),MiniMax-M2.7,0.0000,0.0000,25926,0,25926,2026-04-13 08:00-09:00,SUCCESS
主账号,coding_plan,cache-read(Text API),MiniMax-M2.7,0.0000,0.0000,228454,0,228454,2026-04-13 08:00-09:00,SUCCESS
主账号,coding_plan,chatcompletion-v2(Text API),MiniMax-M2.7,0.0000,0.0000,6238,3576,9814,2026-04-13 08:00-09:00,SUCCESS
主账号,coding_plan,cache-read(Text API),MiniMax-M2.7,0.0000,0.0000,38800,0,38800,2026-04-12 22:00-23:00,SUCCESS
主账号,coding_plan,cache-create(Text API),MiniMax-M2.7,0.0000,0.0000,52801,0,52801,2026-04-12 22:00-23:00,SUCCESS
主账号,coding_plan,chatcompletion-v2(Text API),MiniMax-M2.7,0.0000,0.0000,649,1467,2116,2026-04-12 22:00-23:00,SUCCESS
主账号,coding_plan,cache-read(Text API),MiniMax-M2.7,0.0000,0.0000,265551,0,265551,2026-04-12 20:00-21:00,SUCCESS
主账号,coding_plan,cache-create(Text API),MiniMax-M2.7,0.0000,0.0000,27586,0,27586,2026-04-12 20:00-21:00,SUCCESS
主账号,coding_plan,chatcompletion-v2(Text API),MiniMax-M2.7,0.0000,0.0000,2995,4511,7506,2026-04-12 20:00-21:00,SUCCESS
主账号,coding_plan,cache-create(Text API),MiniMax-M2.7,0.0000,0.0000,82109,0,82109,2026-04-12 17:00-18:00,SUCCESS
主账号,coding_plan,cache-read(Text API),MiniMax-M2.7,0.0000,0.0000,809753,0,809753,2026-04-12 17:00-18:00,SUCCESS
主账号,coding_plan,chatcompletion-v2(Text API),MiniMax-M2.7,0.0000,0.0000,57198,15844,73042,2026-04-12 17:00-18:00,SUCCESS
主账号,coding_plan,cache-create(Text API),MiniMax-M2.7,0.0000,0.0000,54822,0,54822,2026-04-12 16:00-17:00,SUCCESS
主账号,coding_plan,cache-read(Text API),MiniMax-M2.7,0.0000,0.0000,460896,0,460896,2026-04-12 16:00-17:00,SUCCESS
主账号,coding_plan,chatcompletion-v2(Text API),MiniMax-M2.7,0.0000,0.0000,132850,22903,155753,2026-04-12 16:00-17:00,SUCCESS
主账号,coding_plan,cache-create(Text API),MiniMax-M2.7,0.0000,0.0000,193884,0,193884,2026-04-12 15:00-16:00,SUCCESS
主账号,coding_plan,cache-read(Text API),MiniMax-M2.7,0.0000,0.0000,610603,0,610603,2026-04-12 15:00-16:00,SUCCESS
主账号,coding_plan,chatcompletion-v2(Text API),MiniMax-M2.7,0.0000,0.0000,884248,27975,912223,2026-04-12 15:00-16:00,SUCCESS
主账号,coding_plan,cache-create(Text API),MiniMax-M2.7,0.0000,0.0000,49100,0,49100,2026-04-12 14:00-15:00,SUCCESS
主账号,coding_plan,cache-read(Text API),MiniMax-M2.7,0.0000,0.0000,496635,0,496635,2026-04-12 14:00-15:00,SUCCESS
主账号,coding_plan,chatcompletion-v2(Text API),MiniMax-M2.7,0.0000,0.0000,319849,53868,373717,2026-04-12 14:00-15:00,SUCCESS
主账号,coding_plan,cache-read(Text API),MiniMax-M2.7,0.0000,0.0000,583261,0,583261,2026-04-12 13:00-14:00,SUCCESS
主账号,coding_plan,cache-create(Text API),MiniMax-M2.7,0.0000,0.0000,72357,0,72357,2026-04-12 13:00-14:00,SUCCESS
主账号,coding_plan,chatcompletion-v2(Text API),MiniMax-M2.7,0.0000,0.0000,531665,6502,538167,2026-04-12 13:00-14:00,SUCCESS
主账号,coding_plan,cache-create(Text API),MiniMax-M2.7,0.0000,0.0000,76983,0,76983,2026-04-12 11:00-12:00,SUCCESS
主账号,coding_plan,cache-read(Text API),MiniMax-M2.7,0.0000,0.0000,829713,0,829713,2026-04-12 11:00-12:00,SUCCESS
主账号,coding_plan,chatcompletion-v2(Text API),MiniMax-M2.7,0.0000,0.0000,370852,18795,389647,2026-04-12 11:00-12:00,SUCCESS
主账号,coding_plan,cache-read(Text API),MiniMax-M2.7,0.0000,0.0000,275946,0,275946,2026-04-11 22:00-23:00,SUCCESS
主账号,coding_plan,cache-create(Text API),MiniMax-M2.7,0.0000,0.0000,31382,0,31382,2026-04-11 22:00-23:00,SUCCESS
主账号,coding_plan,chatcompletion-v2(Text API),MiniMax-M2.7,0.0000,0.0000,38122,2784,40906,2026-04-11 22:00-23:00,SUCCESS
主账号,coding_plan,cache-create(Text API),MiniMax-M2.7,0.0000,0.0000,156971,0,156971,2026-04-11 21:00-22:00,SUCCESS
主账号,coding_plan,cache-read(Text API),MiniMax-M2.7,0.0000,0.0000,525338,0,525338,2026-04-11 21:00-22:00,SUCCESS
主账号,coding_plan,chatcompletion-v2(Text API),MiniMax-M2.7,0.0000,0.0000,134108,14566,148674,2026-04-11 21:00-22:00,SUCCESS
主账号,coding_plan,cache-create(Text API),MiniMax-M2.7,0.0000,0.0000,41248,0,41248,2026-04-11 16:00-17:00,SUCCESS
主账号,coding_plan,chatcompletion-v2(Text API),MiniMax-M2.7,0.0000,0.0000,126,1119,1245,2026-04-11 16:00-17:00,SUCCESS
主账号,coding_plan,cache-create(Text API),MiniMax-M2.7,0.0000,0.0000,52583,0,52583,2026-04-11 15:00-16:00,SUCCESS
主账号,coding_plan,cache-read(Text API),MiniMax-M2.7,0.0000,0.0000,45658,0,45658,2026-04-11 15:00-16:00,SUCCESS
主账号,coding_plan,chatcompletion-v2(Text API),MiniMax-M2.7,0.0000,0.0000,16708,2347,19055,2026-04-11 15:00-16:00,SUCCESS
主账号,coding_plan,cache-create(Text API),MiniMax-M2.7,0.0000,0.0000,92758,0,92758,2026-04-11 14:00-15:00,SUCCESS
主账号,coding_plan,cache-read(Text API),MiniMax-M2.7,0.0000,0.0000,146248,0,146248,2026-04-11 14:00-15:00,SUCCESS
主账号,coding_plan,chatcompletion-v2(Text API),MiniMax-M2.7,0.0000,0.0000,51829,3021,54850,2026-04-11 14:00-15:00,SUCCESS
主账号,coding_plan,cache-read(Text API),MiniMax-M2.7,0.0000,0.0000,65712,0,65712,2026-04-11 11:00-12:00,SUCCESS
主账号,coding_plan,cache-create(Text API),MiniMax-M2.7,0.0000,0.0000,50291,0,50291,2026-04-11 11:00-12:00,SUCCESS
主账号,coding_plan,chatcompletion-v2(Text API),MiniMax-M2.7,0.0000,0.0000,13245,1475,14720,2026-04-11 11:00-12:00,SUCCESS
主账号,coding_plan,cache-create(Text API),MiniMax-M2.7,0.0000,0.0000,26308,0,26308,2026-04-11 09:00-10:00,SUCCESS
主账号,coding_plan,cache-read(Text API),MiniMax-M2.7,0.0000,0.0000,153328,0,153328,2026-04-11 09:00-10:00,SUCCESS
主账号,coding_plan,chatcompletion-v2(Text API),MiniMax-M2.7,0.0000,0.0000,54776,2950,57726,2026-04-11 09:00-10:00,SUCCESS
主账号,coding_plan,cache-create(Text API),MiniMax-M2.7,0.0000,0.0000,52519,0,52519,2026-04-11 08:00-09:00,SUCCESS
主账号,coding_plan,cache-read(Text API),MiniMax-M2.7,0.0000,0.0000,312831,0,312831,2026-04-11 08:00-09:00,SUCCESS
主账号,coding_plan,chatcompletion-v2(Text API),MiniMax-M2.7,0.0000,0.0000,77006,3878,80884,2026-04-11 08:00-09:00,SUCCESS
主账号,coding_plan,cache-read(Text API),MiniMax-M2.7,0.0000,0.0000,553948,0,553948,2026-04-10 22:00-23:00,SUCCESS
主账号,coding_plan,cache-create(Text API),MiniMax-M2.7,0.0000,0.0000,57602,0,57602,2026-04-10 22:00-23:00,SUCCESS
主账号,coding_plan,chatcompletion-v2(Text API),MiniMax-M2.7,0.0000,0.0000,98645,5651,104296,2026-04-10 22:00-23:00,SUCCESS
主账号,coding_plan,cache-read(Text API),MiniMax-M2.7,0.0000,0.0000,1177042,0,1177042,2026-04-10 21:00-22:00,SUCCESS
主账号,coding_plan,cache-create(Text API),MiniMax-M2.7,0.0000,0.0000,79198,0,79198,2026-04-10 21:00-22:00,SUCCESS
主账号,coding_plan,chatcompletion-v2(Text API),MiniMax-M2.7,0.0000,0.0000,430597,8459,439056,2026-04-10 21:00-22:00,SUCCESS
主账号,coding_plan,cache-create(Text API),MiniMax-M2.7,0.0000,0.0000,40612,0,40612,2026-04-10 20:00-21:00,SUCCESS
主账号,coding_plan,cache-read(Text API),MiniMax-M2.7,0.0000,0.0000,728915,0,728915,2026-04-10 20:00-21:00,SUCCESS
主账号,coding_plan,chatcompletion-v2(Text API),MiniMax-M2.7,0.0000,0.0000,214599,6362,220961,2026-04-10 20:00-21:00,SUCCESS
主账号,coding_plan,cache-create(Text API),MiniMax-M2.7,0.0000,0.0000,30095,0,30095,2026-04-10 19:00-20:00,SUCCESS
主账号,coding_plan,cache-read(Text API),MiniMax-M2.7,0.0000,0.0000,197186,0,197186,2026-04-10 19:00-20:00,SUCCESS
主账号,coding_plan,chatcompletion-v2(Text API),MiniMax-M2.7,0.0000,0.0000,40096,2663,42759,2026-04-10 19:00-20:00,SUCCESS
主账号,coding_plan,cache-create(Text API),MiniMax-M2.7,0.0000,0.0000,56919,0,56919,2026-04-10 17:00-18:00,SUCCESS
主账号,coding_plan,cache-read(Text API),MiniMax-M2.7,0.0000,0.0000,316291,0,316291,2026-04-10 17:00-18:00,SUCCESS
主账号,coding_plan,chatcompletion-v2(Text API),MiniMax-M2.7,0.0000,0.0000,52453,3576,56029,2026-04-10 17:00-18:00,SUCCESS
主账号,coding_plan,cache-create(Text API),MiniMax-M2.7,0.0000,0.0000,34885,0,34885,2026-04-10 16:00-17:00,SUCCESS
主账号,coding_plan,cache-read(Text API),MiniMax-M2.7,0.0000,0.0000,1671055,0,1671055,2026-04-10 16:00-17:00,SUCCESS
主账号,coding_plan,chatcompletion-v2(Text API),MiniMax-M2.7,0.0000,0.0000,551416,14617,566033,2026-04-10 16:00-17:00,SUCCESS
主账号,coding_plan,cache-create(Text API),MiniMax-M2.7,0.0000,0.0000,3670,0,3670,2026-04-10 15:00-16:00,SUCCESS
主账号,coding_plan,cache-read(Text API),MiniMax-M2.7,0.0000,0.0000,323684,0,323684,2026-04-10 15:00-16:00,SUCCESS
主账号,coding_plan,chatcompletion-v2(Text API),MiniMax-M2.7,0.0000,0.0000,168397,12173,180570,2026-04-10 15:00-16:00,SUCCESS
主账号,coding_plan,cache-read(Text API),MiniMax-M2.7,0.0000,0.0000,573843,0,573843,2026-04-10 14:00-15:00,SUCCESS
主账号,coding_plan,cache-create(Text API),MiniMax-M2.7,0.0000,0.0000,45318,0,45318,2026-04-10 14:00-15:00,SUCCESS
主账号,coding_plan,chatcompletion-v2(Text API),MiniMax-M2.7,0.0000,0.0000,237077,4242,241319,2026-04-10 14:00-15:00,SUCCESS
主账号,coding_plan,cache-read(Text API),MiniMax-M2.7,0.0000,0.0000,39069,0,39069,2026-04-10 13:00-14:00,SUCCESS
主账号,coding_plan,cache-create(Text API),MiniMax-M2.7,0.0000,0.0000,47860,0,47860,2026-04-10 13:00-14:00,SUCCESS
主账号,coding_plan,chatcompletion-v2(Text API),MiniMax-M2.7,0.0000,0.0000,28057,1520,29577,2026-04-10 13:00-14:00,SUCCESS
主账号,coding_plan,cache-create(Text API),MiniMax-M2.7,0.0000,0.0000,31030,0,31030,2026-04-10 12:00-13:00,SUCCESS
主账号,coding_plan,cache-read(Text API),MiniMax-M2.7,0.0000,0.0000,96390,0,96390,2026-04-10 12:00-13:00,SUCCESS
主账号,coding_plan,chatcompletion-v2(Text API),MiniMax-M2.7,0.0000,0.0000,113499,7371,120870,2026-04-10 12:00-13:00,SUCCESS
主账号,coding_plan,cache-create(Text API),MiniMax-M2.7,0.0000,0.0000,132226,0,132226,2026-04-10 11:00-12:00,SUCCESS
主账号,coding_plan,cache-read(Text API),MiniMax-M2.7,0.0000,0.0000,805951,0,805951,2026-04-10 11:00-12:00,SUCCESS
主账号,coding_plan,chatcompletion-v2(Text API),MiniMax-M2.7,0.0000,0.0000,653158,22058,675216,2026-04-10 11:00-12:00,SUCCESS
主账号,coding_plan,cache-read(Text API),MiniMax-M2.7,0.0000,0.0000,146112,0,146112,2026-04-10 10:00-11:00,SUCCESS
主账号,coding_plan,chatcompletion-v2(Text API),MiniMax-M2.7,0.0000,0.0000,29923,3760,33683,2026-04-10 10:00-11:00,SUCCESS
主账号,coding_plan,cache-create(Text API),MiniMax-M2.7,0.0000,0.0000,65560,0,65560,2026-04-09 22:00-23:00,SUCCESS
主账号,coding_plan,cache-read(Text API),MiniMax-M2.7,0.0000,0.0000,302912,0,302912,2026-04-09 22:00-23:00,SUCCESS
主账号,coding_plan,chatcompletion-v2(Text API),MiniMax-M2.7,0.0000,0.0000,186922,14546,201468,2026-04-09 22:00-23:00,SUCCESS
主账号,coding_plan,cache-read(Text API),MiniMax-M2.7,0.0000,0.0000,143143,0,143143,2026-04-09 21:00-22:00,SUCCESS
主账号,coding_plan,cache-create(Text API),MiniMax-M2.7,0.0000,0.0000,28123,0,28123,2026-04-09 21:00-22:00,SUCCESS
主账号,coding_plan,chatcompletion-v2(Text API),MiniMax-M2.7,0.0000,0.0000,48224,6231,54455,2026-04-09 21:00-22:00,SUCCESS
主账号,coding_plan,cache-read(Text API),MiniMax-M2.7,0.0000,0.0000,472104,0,472104,2026-04-09 17:00-18:00,SUCCESS
主账号,coding_plan,cache-create(Text API),MiniMax-M2.7,0.0000,0.0000,49670,0,49670,2026-04-09 17:00-18:00,SUCCESS
主账号,coding_plan,chatcompletion-v2(Text API),MiniMax-M2.7,0.0000,0.0000,305161,9867,315028,2026-04-09 17:00-18:00,SUCCESS
主账号,coding_plan,cache-read(Text API),MiniMax-M2.7,0.0000,0.0000,1223289,0,1223289,2026-04-09 16:00-17:00,SUCCESS
主账号,coding_plan,cache-create(Text API),MiniMax-M2.7,0.0000,0.0000,105009,0,105009,2026-04-09 16:00-17:00,SUCCESS
主账号,coding_plan,chatcompletion-v2(Text API),MiniMax-M2.7,0.0000,0.0000,258543,46261,304804,2026-04-09 16:00-17:00,SUCCESS
主账号,coding_plan,cache-read(Text API),MiniMax-M2.7,0.0000,0.0000,765724,0,765724,2026-04-09 15:00-16:00,SUCCESS
主账号,coding_plan,cache-create(Text API),MiniMax-M2.7,0.0000,0.0000,34176,0,34176,2026-04-09 15:00-16:00,SUCCESS
主账号,coding_plan,chatcompletion-v2(Text API),MiniMax-M2.7,0.0000,0.0000,509858,14338,524196,2026-04-09 15:00-16:00,SUCCESS
主账号,coding_plan,cache-create(Text API),MiniMax-M2.7,0.0000,0.0000,42124,0,42124,2026-04-09 14:00-15:00,SUCCESS
主账号,coding_plan,cache-read(Text API),MiniMax-M2.7,0.0000,0.0000,254385,0,254385,2026-04-09 14:00-15:00,SUCCESS
主账号,coding_plan,chatcompletion-v2(Text API),MiniMax-M2.7,0.0000,0.0000,105078,5612,110690,2026-04-09 14:00-15:00,SUCCESS
主账号,coding_plan,cache-create(Text API),MiniMax-M2.7,0.0000,0.0000,408031,0,408031,2026-04-09 13:00-14:00,SUCCESS
主账号,coding_plan,cache-read(Text API),MiniMax-M2.7,0.0000,0.0000,2581280,0,2581280,2026-04-09 13:00-14:00,SUCCESS
主账号,coding_plan,chatcompletion-v2(Text API),MiniMax-M2.7,0.0000,0.0000,4692749,27364,4720113,2026-04-09 13:00-14:00,SUCCESS
主账号,coding_plan,cache-create(Text API),MiniMax-M2.7,0.0000,0.0000,207344,0,207344,2026-04-09 11:00-12:00,SUCCESS
主账号,coding_plan,cache-read(Text API),MiniMax-M2.7,0.0000,0.0000,1084939,0,1084939,2026-04-09 11:00-12:00,SUCCESS
主账号,coding_plan,chatcompletion-v2(Text API),MiniMax-M2.7,0.0000,0.0000,1941060,19694,1960754,2026-04-09 11:00-12:00,SUCCESS
主账号,coding_plan,cache-read(Text API),MiniMax-M2.7,0.0000,0.0000,2574181,0,2574181,2026-04-09 10:00-11:00,SUCCESS
主账号,coding_plan,cache-create(Text API),MiniMax-M2.7,0.0000,0.0000,223605,0,223605,2026-04-09 10:00-11:00,SUCCESS
主账号,coding_plan,chatcompletion-v2(Text API),MiniMax-M2.7,0.0000,0.0000,1987041,66003,2053044,2026-04-09 10:00-11:00,SUCCESS
主账号,coding_plan,cache-create(Text API),MiniMax-M2.7,0.0000,0.0000,34080,0,34080,2026-04-09 09:00-10:00,SUCCESS
主账号,coding_plan,cache-read(Text API),MiniMax-M2.7,0.0000,0.0000,493410,0,493410,2026-04-09 09:00-10:00,SUCCESS
主账号,coding_plan,chatcompletion-v2(Text API),MiniMax-M2.7,0.0000,0.0000,19405,5632,25037,2026-04-09 09:00-10:00,SUCCESS
主账号,coding_plan,cache-create(Text API),MiniMax-M2.7,0.0000,0.0000,194878,0,194878,2026-04-09 07:00-08:00,SUCCESS
主账号,coding_plan,cache-read(Text API),MiniMax-M2.7,0.0000,0.0000,469649,0,469649,2026-04-09 07:00-08:00,SUCCESS
主账号,coding_plan,chatcompletion-v2(Text API),MiniMax-M2.7,0.0000,0.0000,263750,5530,269280,2026-04-09 07:00-08:00,SUCCESS
主账号,coding_plan,cache-read(Text API),MiniMax-M2.7,0.0000,0.0000,354320,0,354320,2026-04-09 06:00-07:00,SUCCESS
主账号,coding_plan,cache-create(Text API),MiniMax-M2.7,0.0000,0.0000,82581,0,82581,2026-04-09 06:00-07:00,SUCCESS
主账号,coding_plan,chatcompletion-v2(Text API),MiniMax-M2.7,0.0000,0.0000,119441,6259,125700,2026-04-09 06:00-07:00,SUCCESS
主账号,coding_plan,cache-create(Text API),MiniMax-M2.7,0.0000,0.0000,58432,0,58432,2026-04-08 22:00-23:00,SUCCESS
主账号,coding_plan,cache-read(Text API),MiniMax-M2.7,0.0000,0.0000,154211,0,154211,2026-04-08 22:00-23:00,SUCCESS
主账号,coding_plan,chatcompletion-v2(Text API),MiniMax-M2.7,0.0000,0.0000,79925,10176,90101,2026-04-08 22:00-23:00,SUCCESS
主账号,coding_plan,cache-read(Text API),MiniMax-M2.7,0.0000,0.0000,602859,0,602859,2026-04-08 21:00-22:00,SUCCESS
主账号,coding_plan,cache-create(Text API),MiniMax-M2.7,0.0000,0.0000,109814,0,109814,2026-04-08 21:00-22:00,SUCCESS
主账号,coding_plan,chatcompletion-v2(Text API),MiniMax-M2.7,0.0000,0.0000,112446,6734,119180,2026-04-08 21:00-22:00,SUCCESS
主账号,coding_plan,cache-create(Text API),MiniMax-M2.7,0.0000,0.0000,23369,0,23369,2026-04-08 20:00-21:00,SUCCESS
主账号,coding_plan,cache-read(Text API),MiniMax-M2.7,0.0000,0.0000,77432,0,77432,2026-04-08 20:00-21:00,SUCCESS
主账号,coding_plan,chatcompletion-v2(Text API),MiniMax-M2.7,0.0000,0.0000,7580,1222,8802,2026-04-08 20:00-21:00,SUCCESS
主账号,coding_plan,cache-read(Text API),MiniMax-M2.7,0.0000,0.0000,394332,0,394332,2026-04-08 17:00-18:00,SUCCESS
主账号,coding_plan,cache-create(Text API),MiniMax-M2.7,0.0000,0.0000,1158,0,1158,2026-04-08 17:00-18:00,SUCCESS
主账号,coding_plan,chatcompletion-v2(Text API),MiniMax-M2.7,0.0000,0.0000,196475,811,197286,2026-04-08 17:00-18:00,SUCCESS
主账号,coding_plan,cache-create(Text API),MiniMax-M2.7,0.0000,0.0000,172725,0,172725,2026-04-08 16:00-17:00,SUCCESS
主账号,coding_plan,cache-read(Text API),MiniMax-M2.7,0.0000,0.0000,1647593,0,1647593,2026-04-08 16:00-17:00,SUCCESS
主账号,coding_plan,chatcompletion-v2(Text API),MiniMax-M2.7,0.0000,0.0000,1163092,7210,1170302,2026-04-08 16:00-17:00,SUCCESS
主账号,coding_plan,cache-read(Text API),MiniMax-M2.7,0.0000,0.0000,2837636,0,2837636,2026-04-08 15:00-16:00,SUCCESS
主账号,coding_plan,cache-create(Text API),MiniMax-M2.7,0.0000,0.0000,204923,0,204923,2026-04-08 15:00-16:00,SUCCESS
主账号,coding_plan,chatcompletion-v2(Text API),MiniMax-M2.7,0.0000,0.0000,2696844,25480,2722324,2026-04-08 15:00-16:00,SUCCESS
主账号,coding_plan,cache-read(Text API),MiniMax-M2.7,0.0000,0.0000,282109,0,282109,2026-04-08 14:00-15:00,SUCCESS
主账号,coding_plan,cache-create(Text API),MiniMax-M2.7,0.0000,0.0000,32808,0,32808,2026-04-08 14:00-15:00,SUCCESS
主账号,coding_plan,chatcompletion-v2(Text API),MiniMax-M2.7,0.0000,0.0000,92844,9233,102077,2026-04-08 14:00-15:00,SUCCESS
主账号,coding_plan,cache-create(Text API),MiniMax-M2.7,0.0000,0.0000,41469,0,41469,2026-04-07 16:00-17:00,SUCCESS
主账号,coding_plan,cache-read(Text API),MiniMax-M2.7,0.0000,0.0000,647377,0,647377,2026-04-07 16:00-17:00,SUCCESS
主账号,coding_plan,chatcompletion-v2(Text API),MiniMax-M2.7,0.0000,0.0000,223523,5207,228730,2026-04-07 16:00-17:00,SUCCESS
主账号,coding_plan,cache-create(Text API),MiniMax-M2.7,0.0000,0.0000,30463,0,30463,2026-04-07 15:00-16:00,SUCCESS
主账号,coding_plan,cache-read(Text API),MiniMax-M2.7,0.0000,0.0000,300519,0,300519,2026-04-07 15:00-16:00,SUCCESS
主账号,coding_plan,chatcompletion-v2(Text API),MiniMax-M2.7,0.0000,0.0000,84427,6316,90743,2026-04-07 15:00-16:00,SUCCESS
主账号,coding_plan,cache-read(Text API),MiniMax-M2.7,0.0000,0.0000,102225,0,102225,2026-04-07 14:00-15:00,SUCCESS
主账号,coding_plan,cache-create(Text API),MiniMax-M2.7,0.0000,0.0000,25582,0,25582,2026-04-07 14:00-15:00,SUCCESS
主账号,coding_plan,chatcompletion-v2(Text API),MiniMax-M2.7,0.0000,0.0000,9082,2573,11655,2026-04-07 14:00-15:00,SUCCESS
主账号,coding_plan,cache-create(Text API),MiniMax-M2.7,0.0000,0.0000,131796,0,131796,2026-04-05 22:00-23:00,SUCCESS
主账号,coding_plan,cache-read(Text API),MiniMax-M2.7,0.0000,0.0000,1599703,0,1599703,2026-04-05 22:00-23:00,SUCCESS
主账号,coding_plan,chatcompletion-v2(Text API),MiniMax-M2.7,0.0000,0.0000,2101361,30372,2131733,2026-04-05 22:00-23:00,SUCCESS
主账号,coding_plan,cache-read(Text API),MiniMax-M2.7,0.0000,0.0000,340224,0,340224,2026-04-05 21:00-22:00,SUCCESS
主账号,coding_plan,cache-create(Text API),MiniMax-M2.7,0.0000,0.0000,113867,0,113867,2026-04-05 21:00-22:00,SUCCESS
主账号,coding_plan,chatcompletion-v2(Text API),MiniMax-M2.7,0.0000,0.0000,107657,2879,110536,2026-04-05 21:00-22:00,SUCCESS
主账号,coding_plan,cache-read(Text API),MiniMax-M2.7,0.0000,0.0000,117515,0,117515,2026-04-05 09:00-10:00,SUCCESS
主账号,coding_plan,cache-create(Text API),MiniMax-M2.7,0.0000,0.0000,74530,0,74530,2026-04-05 09:00-10:00,SUCCESS
主账号,coding_plan,chatcompletion-v2(Text API),MiniMax-M2.7,0.0000,0.0000,105465,621,106086,2026-04-05 09:00-10:00,SUCCESS
主账号,coding_plan,cache-read(Text API),MiniMax-M2.7,0.0000,0.0000,1040420,0,1040420,2026-04-04 22:00-23:00,SUCCESS
主账号,coding_plan,cache-create(Text API),MiniMax-M2.7,0.0000,0.0000,118739,0,118739,2026-04-04 22:00-23:00,SUCCESS
主账号,coding_plan,chatcompletion-v2(Text API),MiniMax-M2.7,0.0000,0.0000,1258271,28069,1286340,2026-04-04 22:00-23:00,SUCCESS
主账号,coding_plan,cache-read(Text API),MiniMax-M2.7,0.0000,0.0000,766290,0,766290,2026-04-04 21:00-22:00,SUCCESS
主账号,coding_plan,cache-create(Text API),MiniMax-M2.7,0.0000,0.0000,111658,0,111658,2026-04-04 21:00-22:00,SUCCESS
主账号,coding_plan,chatcompletion-v2(Text API),MiniMax-M2.7,0.0000,0.0000,368520,21627,390147,2026-04-04 21:00-22:00,SUCCESS
主账号,coding_plan,cache-read(Text API),MiniMax-M2.7,0.0000,0.0000,229997,0,229997,2026-04-03 22:00-23:00,SUCCESS
主账号,coding_plan,cache-create(Text API),MiniMax-M2.7,0.0000,0.0000,1861,0,1861,2026-04-03 22:00-23:00,SUCCESS
主账号,coding_plan,chatcompletion-v2(Text API),MiniMax-M2.7,0.0000,0.0000,106112,1853,107965,2026-04-03 22:00-23:00,SUCCESS
主账号,coding_plan,cache-read(Text API),MiniMax-M2.7,0.0000,0.0000,876218,0,876218,2026-04-03 21:00-22:00,SUCCESS
主账号,coding_plan,cache-create(Text API),MiniMax-M2.7,0.0000,0.0000,96948,0,96948,2026-04-03 21:00-22:00,SUCCESS
主账号,coding_plan,chatcompletion-v2(Text API),MiniMax-M2.7,0.0000,0.0000,224099,10247,234346,2026-04-03 21:00-22:00,SUCCESS
主账号,coding_plan,cache-create(Text API),MiniMax-M2.7,0.0000,0.0000,9728,0,9728,2026-04-03 15:00-16:00,SUCCESS
主账号,coding_plan,cache-read(Text API),MiniMax-M2.7,0.0000,0.0000,44308,0,44308,2026-04-03 15:00-16:00,SUCCESS
主账号,coding_plan,chatcompletion-v2(Text API),MiniMax-M2.7,0.0000,0.0000,19997,171,20168,2026-04-03 15:00-16:00,SUCCESS
主账号,coding_plan,cache-create(Text API),MiniMax-M2.7,0.0000,0.0000,23046,0,23046,2026-04-03 14:00-15:00,SUCCESS
主账号,coding_plan,cache-read(Text API),MiniMax-M2.7,0.0000,0.0000,88616,0,88616,2026-04-03 14:00-15:00,SUCCESS
主账号,coding_plan,chatcompletion-v2(Text API),MiniMax-M2.7,0.0000,0.0000,28621,509,29130,2026-04-03 14:00-15:00,SUCCESS
主账号,coding_plan,cache-read(Text API),MiniMax-M2.7,0.0000,0.0000,198486,0,198486,2026-04-02 17:00-18:00,SUCCESS
主账号,coding_plan,cache-create(Text API),MiniMax-M2.7,0.0000,0.0000,67313,0,67313,2026-04-02 17:00-18:00,SUCCESS
主账号,coding_plan,chatcompletion-v2(Text API),MiniMax-M2.7,0.0000,0.0000,229340,1554,230894,2026-04-02 17:00-18:00,SUCCESS
主账号,coding_plan,cache-create(Text API),MiniMax-M2.7,0.0000,0.0000,47942,0,47942,2026-04-02 16:00-17:00,SUCCESS
主账号,coding_plan,cache-read(Text API),MiniMax-M2.7,0.0000,0.0000,774349,0,774349,2026-04-02 16:00-17:00,SUCCESS
主账号,coding_plan,chatcompletion-v2(Text API),MiniMax-M2.7,0.0000,0.0000,454794,16668,471462,2026-04-02 16:00-17:00,SUCCESS
主账号,coding_plan,cache-create(Text API),MiniMax-M2.7,0.0000,0.0000,73153,0,73153,2026-04-01 14:00-15:00,SUCCESS
主账号,coding_plan,cache-read(Text API),MiniMax-M2.7,0.0000,0.0000,66357,0,66357,2026-04-01 14:00-15:00,SUCCESS
主账号,coding_plan,chatcompletion-v2(Text API),MiniMax-M2.7,0.0000,0.0000,9965,1620,11585,2026-04-01 14:00-15:00,SUCCESS
主账号,coding_plan,cache-create(Text API),MiniMax-M2.7,0.0000,0.0000,33918,0,33918,2026-04-01 13:00-14:00,SUCCESS
主账号,coding_plan,cache-read(Text API),MiniMax-M2.7,0.0000,0.0000,448919,0,448919,2026-04-01 13:00-14:00,SUCCESS
主账号,coding_plan,chatcompletion-v2(Text API),MiniMax-M2.7,0.0000,0.0000,130570,2553,133123,2026-04-01 13:00-14:00,SUCCESS
主账号,coding_plan,cache-create(Text API),MiniMax-M2.7,0.0000,0.0000,73406,0,73406,2026-04-01 11:00-12:00,SUCCESS
主账号,coding_plan,cache-read(Text API),MiniMax-M2.7,0.0000,0.0000,419007,0,419007,2026-04-01 11:00-12:00,SUCCESS
主账号,coding_plan,chatcompletion-v2(Text API),MiniMax-M2.7,0.0000,0.0000,189657,22371,212028,2026-04-01 11:00-12:00,SUCCESS
主账号,coding_plan,cache-read(Text API),MiniMax-M2.7,0.0000,0.0000,110355,0,110355,2026-04-01 10:00-11:00,SUCCESS
主账号,coding_plan,cache-create(Text API),MiniMax-M2.7,0.0000,0.0000,89959,0,89959,2026-04-01 10:00-11:00,SUCCESS
主账号,coding_plan,chatcompletion-v2(Text API),MiniMax-M2.7,0.0000,0.0000,46223,4153,50376,2026-04-01 10:00-11:00,SUCCESS
主账号,coding_plan,cache-read(Text API),MiniMax-M2.7,0.0000,0.0000,39213,0,39213,2026-04-01 09:00-10:00,SUCCESS
主账号,coding_plan,cache-create(Text API),MiniMax-M2.7,0.0000,0.0000,40131,0,40131,2026-04-01 09:00-10:00,SUCCESS
主账号,coding_plan,chatcompletion-v2(Text API),MiniMax-M2.7,0.0000,0.0000,242,1073,1315,2026-04-01 09:00-10:00,SUCCESS
主账号,coding_plan,cache-create(Text API),MiniMax-M2.7,0.0000,0.0000,33993,0,33993,2026-03-31 14:00-15:00,SUCCESS
主账号,coding_plan,cache-read(Text API),MiniMax-M2.7,0.0000,0.0000,88300,0,88300,2026-03-31 14:00-15:00,SUCCESS
主账号,coding_plan,chatcompletion-v2(Text API),MiniMax-M2.7,0.0000,0.0000,73704,3903,77607,2026-03-31 14:00-15:00,SUCCESS
主账号,coding_plan,cache-create(Text API),MiniMax-M2.7,0.0000,0.0000,60879,0,60879,2026-03-31 13:00-14:00,SUCCESS
主账号,coding_plan,cache-read(Text API),MiniMax-M2.7,0.0000,0.0000,66267,0,66267,2026-03-31 13:00-14:00,SUCCESS
主账号,coding_plan,chatcompletion-v2(Text API),MiniMax-M2.7,0.0000,0.0000,20507,8359,28866,2026-03-31 13:00-14:00,SUCCESS
主账号,coding_plan,cache-create(Text API),MiniMax-M2.7,0.0000,0.0000,32401,0,32401,2026-03-31 09:00-10:00,SUCCESS
主账号,coding_plan,chatcompletion-v2(Text API),MiniMax-M2.7,0.0000,0.0000,121,79,200,2026-03-31 09:00-10:00,SUCCESS
主账号,coding_plan,cache-read(Text API),MiniMax-M2.7,0.0000,0.0000,256184,0,256184,2026-03-30 21:00-22:00,SUCCESS
主账号,coding_plan,cache-create(Text API),MiniMax-M2.7,0.0000,0.0000,48674,0,48674,2026-03-30 21:00-22:00,SUCCESS
主账号,coding_plan,chatcompletion-v2(Text API),MiniMax-M2.7,0.0000,0.0000,61969,14666,76635,2026-03-30 21:00-22:00,SUCCESS
主账号,coding_plan,cache-read(Text API),MiniMax-M2.7,0.0000,0.0000,21796,0,21796,2026-03-29 21:00-22:00,SUCCESS
主账号,coding_plan,cache-create(Text API),MiniMax-M2.7,0.0000,0.0000,22638,0,22638,2026-03-29 21:00-22:00,SUCCESS
主账号,coding_plan,chatcompletion-v2(Text API),MiniMax-M2.7,0.0000,0.0000,1169,106,1275,2026-03-29 21:00-22:00,SUCCESS
主账号,coding_plan,cache-read(Text API),MiniMax-M2.7,0.0000,0.0000,212094,0,212094,2026-03-29 20:00-21:00,SUCCESS
主账号,coding_plan,cache-create(Text API),MiniMax-M2.7,0.0000,0.0000,62867,0,62867,2026-03-29 20:00-21:00,SUCCESS
主账号,coding_plan,chatcompletion-v2(Text API),MiniMax-M2.7,0.0000,0.0000,289427,1429,290856,2026-03-29 20:00-21:00,SUCCESS
主账号,coding_plan,cache-read(Text API),MiniMax-M2.7,0.0000,0.0000,81754,0,81754,2026-03-29 16:00-17:00,SUCCESS
主账号,coding_plan,cache-create(Text API),MiniMax-M2.7,0.0000,0.0000,4549,0,4549,2026-03-29 16:00-17:00,SUCCESS
主账号,coding_plan,chatcompletion-v2(Text API),MiniMax-M2.7,0.0000,0.0000,12183,1139,13322,2026-03-29 16:00-17:00,SUCCESS
主账号,coding_plan,cache-read(Text API),MiniMax-M2.7,0.0000,0.0000,114537,0,114537,2026-03-29 15:00-16:00,SUCCESS
主账号,coding_plan,cache-create(Text API),MiniMax-M2.7,0.0000,0.0000,56265,0,56265,2026-03-29 15:00-16:00,SUCCESS
主账号,coding_plan,chatcompletion-v2(Text API),MiniMax-M2.7,0.0000,0.0000,17385,1468,18853,2026-03-29 15:00-16:00,SUCCESS
主账号,coding_plan,cache-read(Text API),MiniMax-M2.7,0.0000,0.0000,901403,0,901403,2026-03-29 09:00-10:00,SUCCESS
主账号,coding_plan,cache-create(Text API),MiniMax-M2.7,0.0000,0.0000,82562,0,82562,2026-03-29 09:00-10:00,SUCCESS
主账号,coding_plan,chatcompletion-v2(Text API),MiniMax-M2.7,0.0000,0.0000,615769,18884,634653,2026-03-29 09:00-10:00,SUCCESS
主账号,coding_plan,cache-create(Text API),MiniMax-M2.7,0.0000,0.0000,67430,0,67430,2026-03-29 08:00-09:00,SUCCESS
主账号,coding_plan,cache-read(Text API),MiniMax-M2.7,0.0000,0.0000,490181,0,490181,2026-03-29 08:00-09:00,SUCCESS
主账号,coding_plan,chatcompletion-v2(Text API),MiniMax-M2.7,0.0000,0.0000,172604,4926,177530,2026-03-29 08:00-09:00,SUCCESS
主账号,coding_plan,cache-create(Text API),MiniMax-M2.7,0.0000,0.0000,14006,0,14006,2026-03-28 16:00-17:00,SUCCESS
主账号,coding_plan,cache-read(Text API),MiniMax-M2.7,0.0000,0.0000,209064,0,209064,2026-03-28 16:00-17:00,SUCCESS
主账号,coding_plan,chatcompletion-v2(Text API),MiniMax-M2.7,0.0000,0.0000,98956,1304,100260,2026-03-28 16:00-17:00,SUCCESS
主账号,coding_plan,cache-create(Text API),MiniMax-M2.7,0.0000,0.0000,25820,0,25820,2026-03-28 15:00-16:00,SUCCESS
主账号,coding_plan,cache-read(Text API),MiniMax-M2.7,0.0000,0.0000,174376,0,174376,2026-03-28 15:00-16:00,SUCCESS
主账号,coding_plan,chatcompletion-v2(Text API),MiniMax-M2.7,0.0000,0.0000,80693,7804,88497,2026-03-28 15:00-16:00,SUCCESS
主账号,coding_plan,cache-read(Text API),MiniMax-M2.7,0.0000,0.0000,2465868,0,2465868,2026-03-28 13:00-14:00,SUCCESS
主账号,coding_plan,cache-create(Text API),MiniMax-M2.7,0.0000,0.0000,45317,0,45317,2026-03-28 13:00-14:00,SUCCESS
主账号,coding_plan,chatcompletion-v2(Text API),MiniMax-M2.7,0.0000,0.0000,3323018,20436,3343454,2026-03-28 13:00-14:00,SUCCESS
主账号,coding_plan,cache-read(Text API),MiniMax-M2.7,0.0000,0.0000,720543,0,720543,2026-03-28 12:00-13:00,SUCCESS
主账号,coding_plan,cache-create(Text API),MiniMax-M2.7,0.0000,0.0000,208294,0,208294,2026-03-28 12:00-13:00,SUCCESS
主账号,coding_plan,chatcompletion-v2(Text API),MiniMax-M2.7,0.0000,0.0000,1256801,7006,1263807,2026-03-28 12:00-13:00,SUCCESS
主账号,coding_plan,cache-create(Text API),MiniMax-M2.7,0.0000,0.0000,83702,0,83702,2026-03-28 11:00-12:00,SUCCESS
主账号,coding_plan,cache-read(Text API),MiniMax-M2.7,0.0000,0.0000,2087499,0,2087499,2026-03-28 11:00-12:00,SUCCESS
主账号,coding_plan,chatcompletion-v2(Text API),MiniMax-M2.7,0.0000,0.0000,3859827,32407,3892234,2026-03-28 11:00-12:00,SUCCESS
主账号,coding_plan,cache-create(Text API),MiniMax-M2.7,0.0000,0.0000,27558,0,27558,2026-03-28 10:00-11:00,SUCCESS
主账号,coding_plan,chatcompletion-v2(Text API),MiniMax-M2.7,0.0000,0.0000,121,454,575,2026-03-28 10:00-11:00,SUCCESS
主账号,coding_plan,cache-create(Text API),MiniMax-M2.7,0.0000,0.0000,112947,0,112947,2026-03-26 21:00-22:00,SUCCESS
主账号,coding_plan,cache-read(Text API),MiniMax-M2.7,0.0000,0.0000,458786,0,458786,2026-03-26 21:00-22:00,SUCCESS
主账号,coding_plan,chatcompletion-v2(Text API),MiniMax-M2.7,0.0000,0.0000,280477,6527,287004,2026-03-26 21:00-22:00,SUCCESS
主账号,coding_plan,cache-create(Text API),MiniMax-M2.7,0.0000,0.0000,221321,0,221321,2026-03-26 16:00-17:00,SUCCESS
主账号,coding_plan,cache-read(Text API),MiniMax-M2.7,0.0000,0.0000,263520,0,263520,2026-03-26 16:00-17:00,SUCCESS
主账号,coding_plan,chatcompletion-v2(Text API),MiniMax-M2.7,0.0000,0.0000,244915,9769,254684,2026-03-26 16:00-17:00,SUCCESS
主账号,coding_plan,cache-read(Text API),MiniMax-M2.7,0.0000,0.0000,644816,0,644816,2026-03-26 15:00-16:00,SUCCESS
主账号,coding_plan,cache-create(Text API),MiniMax-M2.7,0.0000,0.0000,291519,0,291519,2026-03-26 15:00-16:00,SUCCESS
主账号,coding_plan,chatcompletion-v2(Text API),MiniMax-M2.7,0.0000,0.0000,1152445,12643,1165088,2026-03-26 15:00-16:00,SUCCESS
主账号,coding_plan,cache-read(Text API),MiniMax-M2.7,0.0000,0.0000,781201,0,781201,2026-03-26 14:00-15:00,SUCCESS
主账号,coding_plan,cache-create(Text API),MiniMax-M2.7,0.0000,0.0000,74828,0,74828,2026-03-26 14:00-15:00,SUCCESS
主账号,coding_plan,chatcompletion-v2(Text API),MiniMax-M2.7,0.0000,0.0000,862569,44577,907146,2026-03-26 14:00-15:00,SUCCESS
主账号,coding_plan,cache-read(Text API),MiniMax-M2.7,0.0000,0.0000,1610934,0,1610934,2026-03-25 19:00-20:00,SUCCESS
主账号,coding_plan,cache-create(Text API),MiniMax-M2.7,0.0000,0.0000,103083,0,103083,2026-03-25 19:00-20:00,SUCCESS
主账号,coding_plan,chatcompletion-v2(Text API),MiniMax-M2.7,0.0000,0.0000,1585939,28915,1614854,2026-03-25 19:00-20:00,SUCCESS
主账号,coding_plan,cache-read(Text API),MiniMax-M2.7,0.0000,0.0000,213438,0,213438,2026-03-25 17:00-18:00,SUCCESS
主账号,coding_plan,cache-create(Text API),MiniMax-M2.7,0.0000,0.0000,119179,0,119179,2026-03-25 17:00-18:00,SUCCESS
主账号,coding_plan,chatcompletion-v2(Text API),MiniMax-M2.7,0.0000,0.0000,75617,18770,94387,2026-03-25 17:00-18:00,SUCCESS
主账号,coding_plan,cache-create(Text API),MiniMax-M2.7,0.0000,0.0000,44590,0,44590,2026-03-25 16:00-17:00,SUCCESS
主账号,coding_plan,cache-read(Text API),MiniMax-M2.7,0.0000,0.0000,207308,0,207308,2026-03-25 16:00-17:00,SUCCESS
主账号,coding_plan,chatcompletion-v2(Text API),MiniMax-M2.7,0.0000,0.0000,5756,874,6630,2026-03-25 16:00-17:00,SUCCESS
主账号,coding_plan,cache-create(Text API),MiniMax-M2.7,0.0000,0.0000,154460,0,154460,2026-03-25 15:00-16:00,SUCCESS
主账号,coding_plan,cache-read(Text API),MiniMax-M2.7,0.0000,0.0000,629074,0,629074,2026-03-25 15:00-16:00,SUCCESS
主账号,coding_plan,chatcompletion-v2(Text API),MiniMax-M2.7,0.0000,0.0000,567209,10356,577565,2026-03-25 15:00-16:00,SUCCESS
主账号,coding_plan,cache-create(Text API),MiniMax-M2.7,0.0000,0.0000,271681,0,271681,2026-03-25 14:00-15:00,SUCCESS
主账号,coding_plan,cache-read(Text API),MiniMax-M2.7,0.0000,0.0000,1788312,0,1788312,2026-03-25 14:00-15:00,SUCCESS
主账号,coding_plan,chatcompletion-v2(Text API),MiniMax-M2.7,0.0000,0.0000,4407549,30992,4438541,2026-03-25 14:00-15:00,SUCCESS
主账号,coding_plan,cache-create(Text API),MiniMax-M2.7,0.0000,0.0000,19589,0,19589,2026-03-25 12:00-13:00,SUCCESS
主账号,coding_plan,cache-read(Text API),MiniMax-M2.7,0.0000,0.0000,39178,0,39178,2026-03-25 12:00-13:00,SUCCESS
主账号,coding_plan,chatcompletion-v2(Text API),MiniMax-M2.7,0.0000,0.0000,112838,1127,113965,2026-03-25 12:00-13:00,SUCCESS
主账号,coding_plan,cache-create(Text API),MiniMax-M2.7,0.0000,0.0000,58159,0,58159,2026-03-25 11:00-12:00,SUCCESS
主账号,coding_plan,cache-read(Text API),MiniMax-M2.7,0.0000,0.0000,745688,0,745688,2026-03-25 11:00-12:00,SUCCESS
主账号,coding_plan,chatcompletion-v2(Text API),MiniMax-M2.7,0.0000,0.0000,695781,26039,721820,2026-03-25 11:00-12:00,SUCCESS
主账号,coding_plan,cache-create(Text API),MiniMax-M2.7,0.0000,0.0000,19029,0,19029,2026-03-25 10:00-11:00,SUCCESS
主账号,coding_plan,chatcompletion-v2(Text API),MiniMax-M2.7,0.0000,0.0000,952,445,1397,2026-03-25 10:00-11:00,SUCCESS
主账号,coding_plan,cache-read(Text API),MiniMax-M2.7,0.0000,0.0000,38980,0,38980,2026-03-24 19:00-20:00,SUCCESS
主账号,coding_plan,cache-create(Text API),MiniMax-M2.7,0.0000,0.0000,19490,0,19490,2026-03-24 19:00-20:00,SUCCESS
主账号,coding_plan,chatcompletion-v2(Text API),MiniMax-M2.7,0.0000,0.0000,70839,870,71709,2026-03-24 19:00-20:00,SUCCESS
主账号,coding_plan,cache-create(Text API),MiniMax-M2.7,0.0000,0.0000,19490,0,19490,2026-03-24 18:00-19:00,SUCCESS
主账号,coding_plan,cache-read(Text API),MiniMax-M2.7,0.0000,0.0000,77960,0,77960,2026-03-24 18:00-19:00,SUCCESS
主账号,coding_plan,chatcompletion-v2(Text API),MiniMax-M2.7,0.0000,0.0000,106724,1002,107726,2026-03-24 18:00-19:00,SUCCESS
主账号,coding_plan,cache-create(Text API),MiniMax-M2.7,0.0000,0.0000,43371,0,43371,2026-03-24 16:00-17:00,SUCCESS
主账号,coding_plan,cache-read(Text API),MiniMax-M2.7,0.0000,0.0000,367677,0,367677,2026-03-24 16:00-17:00,SUCCESS
主账号,coding_plan,chatcompletion-v2(Text API),MiniMax-M2.7,0.0000,0.0000,208635,11577,220212,2026-03-24 16:00-17:00,SUCCESS
主账号,coding_plan,cache-create(Text API),MiniMax-M2.7,0.0000,0.0000,47242,0,47242,2026-03-24 15:00-16:00,SUCCESS
主账号,coding_plan,cache-read(Text API),MiniMax-M2.7,0.0000,0.0000,140299,0,140299,2026-03-24 15:00-16:00,SUCCESS
主账号,coding_plan,chatcompletion-v2(Text API),MiniMax-M2.7,0.0000,0.0000,33378,2475,35853,2026-03-24 15:00-16:00,SUCCESS
主账号,coding_plan,cache-read(Text API),MiniMax-M2.7,0.0000,0.0000,97955,0,97955,2026-03-24 11:00-12:00,SUCCESS
主账号,coding_plan,cache-create(Text API),MiniMax-M2.7,0.0000,0.0000,23646,0,23646,2026-03-24 11:00-12:00,SUCCESS
主账号,coding_plan,chatcompletion-v2(Text API),MiniMax-M2.7,0.0000,0.0000,26286,1256,27542,2026-03-24 11:00-12:00,SUCCESS
主账号,coding_plan,cache-read(Text API),MiniMax-M2.7,0.0000,0.0000,215501,0,215501,2026-03-24 10:00-11:00,SUCCESS
主账号,coding_plan,cache-create(Text API),MiniMax-M2.7,0.0000,0.0000,21614,0,21614,2026-03-24 10:00-11:00,SUCCESS
主账号,coding_plan,chatcompletion-v2(Text API),MiniMax-M2.7,0.0000,0.0000,37027,1477,38504,2026-03-24 10:00-11:00,SUCCESS
主账号,coding_plan,cache-create(Text API),MiniMax-M2.7,0.0000,0.0000,209364,0,209364,2026-03-23 20:00-21:00,SUCCESS
主账号,coding_plan,cache-read(Text API),MiniMax-M2.7,0.0000,0.0000,1645130,0,1645130,2026-03-23 20:00-21:00,SUCCESS
主账号,coding_plan,chatcompletion-v2(Text API),MiniMax-M2.7,0.0000,0.0000,6411842,101869,6513711,2026-03-23 20:00-21:00,SUCCESS
主账号,coding_plan,cache-read(Text API),MiniMax-M2.7,0.0000,0.0000,686754,0,686754,2026-03-23 19:00-20:00,SUCCESS
主账号,coding_plan,cache-create(Text API),MiniMax-M2.7,0.0000,0.0000,104315,0,104315,2026-03-23 19:00-20:00,SUCCESS
主账号,coding_plan,chatcompletion-v2(Text API),MiniMax-M2.7,0.0000,0.0000,880404,37168,917572,2026-03-23 19:00-20:00,SUCCESS
主账号,coding_plan,cache-read(Text API),MiniMax-M2.7,0.0000,0.0000,117576,0,117576,2026-03-23 18:00-19:00,SUCCESS
主账号,coding_plan,cache-create(Text API),MiniMax-M2.7,0.0000,0.0000,19596,0,19596,2026-03-23 18:00-19:00,SUCCESS
主账号,coding_plan,chatcompletion-v2(Text API),MiniMax-M2.7,0.0000,0.0000,372968,2574,375542,2026-03-23 18:00-19:00,SUCCESS
主账号,coding_plan,cache-create(Text API),MiniMax-M2.7,0.0000,0.0000,60806,0,60806,2026-03-23 17:00-18:00,SUCCESS
主账号,coding_plan,cache-read(Text API),MiniMax-M2.7,0.0000,0.0000,457495,0,457495,2026-03-23 17:00-18:00,SUCCESS
主账号,coding_plan,chatcompletion-v2(Text API),MiniMax-M2.7,0.0000,0.0000,924628,23946,948574,2026-03-23 17:00-18:00,SUCCESS
主账号,coding_plan,cache-create(Text API),MiniMax-M2.7,0.0000,0.0000,45975,0,45975,2026-03-23 16:00-17:00,SUCCESS
主账号,coding_plan,cache-read(Text API),MiniMax-M2.7,0.0000,0.0000,431112,0,431112,2026-03-23 16:00-17:00,SUCCESS
主账号,coding_plan,chatcompletion-v2(Text API),MiniMax-M2.7,0.0000,0.0000,276120,17376,293496,2026-03-23 16:00-17:00,SUCCESS
主账号,coding_plan,cache-read(Text API),MiniMax-M2.7,0.0000,0.0000,2011810,0,2011810,2026-03-23 15:00-16:00,SUCCESS
主账号,coding_plan,cache-create(Text API),MiniMax-M2.7,0.0000,0.0000,178041,0,178041,2026-03-23 15:00-16:00,SUCCESS
主账号,coding_plan,chatcompletion-v2(Text API),MiniMax-M2.7,0.0000,0.0000,3630056,87104,3717160,2026-03-23 15:00-16:00,SUCCESS
主账号,coding_plan,cache-create(Text API),MiniMax-M2.7,0.0000,0.0000,82450,0,82450,2026-03-23 14:00-15:00,SUCCESS
主账号,coding_plan,cache-read(Text API),MiniMax-M2.7,0.0000,0.0000,1729972,0,1729972,2026-03-23 14:00-15:00,SUCCESS
主账号,coding_plan,chatcompletion-v2(Text API),MiniMax-M2.7,0.0000,0.0000,499283,87335,586618,2026-03-23 14:00-15:00,SUCCESS
主账号,coding_plan,cache-read(Text API),MiniMax-M2.7,0.0000,0.0000,450524,0,450524,2026-03-23 11:00-12:00,SUCCESS
主账号,coding_plan,cache-create(Text API),MiniMax-M2.7,0.0000,0.0000,21713,0,21713,2026-03-23 11:00-12:00,SUCCESS
主账号,coding_plan,chatcompletion-v2(Text API),MiniMax-M2.7,0.0000,0.0000,338632,8058,346690,2026-03-23 11:00-12:00,SUCCESS
主账号,coding_plan,cache-create(Text API),MiniMax-M2.7,0.0000,0.0000,21542,0,21542,2026-03-23 10:00-11:00,SUCCESS
主账号,coding_plan,cache-read(Text API),MiniMax-M2.7,0.0000,0.0000,409290,0,409290,2026-03-23 10:00-11:00,SUCCESS
主账号,coding_plan,chatcompletion-v2(Text API),MiniMax-M2.7,0.0000,0.0000,328945,33118,362063,2026-03-23 10:00-11:00,SUCCESS
主账号,coding_plan,cache-read(Text API),MiniMax-M2.7,0.0000,0.0000,350531,0,350531,2026-03-22 21:00-22:00,SUCCESS
主账号,coding_plan,cache-create(Text API),MiniMax-M2.7,0.0000,0.0000,67449,0,67449,2026-03-22 21:00-22:00,SUCCESS
主账号,coding_plan,chatcompletion-v2(Text API),MiniMax-M2.7,0.0000,0.0000,211833,3406,215239,2026-03-22 21:00-22:00,SUCCESS
主账号,coding_plan,cache-create(Text API),MiniMax-M2.7,0.0000,0.0000,74227,0,74227,2026-03-22 20:00-21:00,SUCCESS
主账号,coding_plan,cache-read(Text API),MiniMax-M2.7,0.0000,0.0000,519946,0,519946,2026-03-22 20:00-21:00,SUCCESS
主账号,coding_plan,chatcompletion-v2(Text API),MiniMax-M2.7,0.0000,0.0000,304761,15966,320727,2026-03-22 20:00-21:00,SUCCESS
主账号,coding_plan,cache-read(Text API),MiniMax-M2.7,0.0000,0.0000,253446,0,253446,2026-03-22 09:00-10:00,SUCCESS
主账号,coding_plan,cache-create(Text API),MiniMax-M2.7,0.0000,0.0000,37597,0,37597,2026-03-22 09:00-10:00,SUCCESS
主账号,coding_plan,chatcompletion-v2(Text API),MiniMax-M2.7,0.0000,0.0000,73215,6794,80009,2026-03-22 09:00-10:00,SUCCESS
主账号,coding_plan,cache-create(Text API),MiniMax-M2.7,0.0000,0.0000,27142,0,27142,2026-03-21 16:00-17:00,SUCCESS
主账号,coding_plan,cache-read(Text API),MiniMax-M2.7,0.0000,0.0000,183071,0,183071,2026-03-21 16:00-17:00,SUCCESS
主账号,coding_plan,chatcompletion-v2(Text API),MiniMax-M2.7,0.0000,0.0000,56383,1525,57908,2026-03-21 16:00-17:00,SUCCESS
主账号,coding_plan,cache-read(Text API),MiniMax-M2.7,0.0000,0.0000,1413646,0,1413646,2026-03-21 15:00-16:00,SUCCESS
主账号,coding_plan,cache-create(Text API),MiniMax-M2.7,0.0000,0.0000,62731,0,62731,2026-03-21 15:00-16:00,SUCCESS
主账号,coding_plan,chatcompletion-v2(Text API),MiniMax-M2.7,0.0000,0.0000,3662271,43846,3706117,2026-03-21 15:00-16:00,SUCCESS
主账号,coding_plan,cache-read(Text API),MiniMax-M2.7,0.0000,0.0000,19490,0,19490,2026-03-21 14:00-15:00,SUCCESS
主账号,coding_plan,cache-create(Text API),MiniMax-M2.7,0.0000,0.0000,21919,0,21919,2026-03-21 14:00-15:00,SUCCESS
主账号,coding_plan,chatcompletion-v2(Text API),MiniMax-M2.7,0.0000,0.0000,11548,552,12100,2026-03-21 14:00-15:00,SUCCESS
主账号,coding_plan,cache-read(Text API),MiniMax-M2.7,0.0000,0.0000,153645,0,153645,2026-03-21 10:00-11:00,SUCCESS
主账号,coding_plan,cache-create(Text API),MiniMax-M2.7,0.0000,0.0000,32398,0,32398,2026-03-21 10:00-11:00,SUCCESS
主账号,coding_plan,chatcompletion-v2(Text API),MiniMax-M2.7,0.0000,0.0000,124217,8553,132770,2026-03-21 10:00-11:00,SUCCESS
主账号,coding_plan,cache-read(Text API),MiniMax-M2.7,0.0000,0.0000,43274,0,43274,2026-03-21 09:00-10:00,SUCCESS
主账号,coding_plan,cache-create(Text API),MiniMax-M2.7,0.0000,0.0000,26545,0,26545,2026-03-21 09:00-10:00,SUCCESS
主账号,coding_plan,chatcompletion-v2(Text API),MiniMax-M2.7,0.0000,0.0000,363,2358,2721,2026-03-21 09:00-10:00,SUCCESS
主账号,coding_plan,cache-read(Text API),MiniMax-M2.7,0.0000,0.0000,358271,0,358271,2026-03-20 21:00-22:00,SUCCESS
主账号,coding_plan,cache-create(Text API),MiniMax-M2.7,0.0000,0.0000,57930,0,57930,2026-03-20 21:00-22:00,SUCCESS
主账号,coding_plan,chatcompletion-v2(Text API),MiniMax-M2.7,0.0000,0.0000,65815,7674,73489,2026-03-20 21:00-22:00,SUCCESS
主账号,coding_plan,cache-create(Text API),MiniMax-M2.7,0.0000,0.0000,29141,0,29141,2026-03-20 20:00-21:00,SUCCESS
主账号,coding_plan,cache-read(Text API),MiniMax-M2.7,0.0000,0.0000,97250,0,97250,2026-03-20 20:00-21:00,SUCCESS
主账号,coding_plan,chatcompletion-v2(Text API),MiniMax-M2.7,0.0000,0.0000,69461,1156,70617,2026-03-20 20:00-21:00,SUCCESS
主账号,coding_plan,cache-read(Text API),MiniMax-M2.7,0.0000,0.0000,971233,0,971233,2026-03-20 18:00-19:00,SUCCESS
主账号,coding_plan,cache-create(Text API),MiniMax-M2.7,0.0000,0.0000,163595,0,163595,2026-03-20 18:00-19:00,SUCCESS
主账号,coding_plan,chatcompletion-v2(Text API),MiniMax-M2.7,0.0000,0.0000,829317,8455,837772,2026-03-20 18:00-19:00,SUCCESS
主账号,coding_plan,cache-read(Text API),MiniMax-M2.7,0.0000,0.0000,1060285,0,1060285,2026-03-20 17:00-18:00,SUCCESS
主账号,coding_plan,cache-create(Text API),MiniMax-M2.7,0.0000,0.0000,76391,0,76391,2026-03-20 17:00-18:00,SUCCESS
主账号,coding_plan,chatcompletion-v2(Text API),MiniMax-M2.7,0.0000,0.0000,978976,12348,991324,2026-03-20 17:00-18:00,SUCCESS
主账号,coding_plan,cache-create(Text API),MiniMax-M2.7,0.0000,0.0000,21438,0,21438,2026-03-20 16:00-17:00,SUCCESS
主账号,coding_plan,chatcompletion-v2(Text API),MiniMax-M2.7,0.0000,0.0000,121,176,297,2026-03-20 16:00-17:00,SUCCESS
主账号,coding_plan,cache-create(Text API),MiniMax-M2.7,0.0000,0.0000,24493,0,24493,2026-03-20 11:00-12:00,SUCCESS
主账号,coding_plan,cache-read(Text API),MiniMax-M2.7,0.0000,0.0000,155377,0,155377,2026-03-20 11:00-12:00,SUCCESS
主账号,coding_plan,chatcompletion-v2(Text API),MiniMax-M2.7,0.0000,0.0000,17067,1107,18174,2026-03-20 11:00-12:00,SUCCESS
主账号,coding_plan,cache-read(Text API),MiniMax-M2.7,0.0000,0.0000,750023,0,750023,2026-03-19 21:00-22:00,SUCCESS
主账号,coding_plan,cache-create(Text API),MiniMax-M2.7,0.0000,0.0000,150025,0,150025,2026-03-19 21:00-22:00,SUCCESS
主账号,coding_plan,chatcompletion-v2(Text API),MiniMax-M2.7,0.0000,0.0000,689059,11065,700124,2026-03-19 21:00-22:00,SUCCESS
主账号,coding_plan,cache-create(Text API),MiniMax-M2.7,0.0000,0.0000,147533,0,147533,2026-03-19 20:00-21:00,SUCCESS
主账号,coding_plan,cache-read(Text API),MiniMax-M2.7,0.0000,0.0000,573891,0,573891,2026-03-19 20:00-21:00,SUCCESS
主账号,coding_plan,chatcompletion-v2(Text API),MiniMax-M2.7,0.0000,0.0000,653900,3941,657841,2026-03-19 20:00-21:00,SUCCESS
主账号,coding_plan,cache-read(Text API),MiniMax-M2.7,0.0000,0.0000,2409191,0,2409191,2026-03-19 19:00-20:00,SUCCESS
主账号,coding_plan,cache-create(Text API),MiniMax-M2.7,0.0000,0.0000,264246,0,264246,2026-03-19 19:00-20:00,SUCCESS
主账号,coding_plan,chatcompletion-v2(Text API),MiniMax-M2.7,0.0000,0.0000,5477514,35855,5513369,2026-03-19 19:00-20:00,SUCCESS
主账号,coding_plan,cache-read(Text API),MiniMax-M2.7,0.0000,0.0000,442413,0,442413,2026-03-19 18:00-19:00,SUCCESS
主账号,coding_plan,cache-create(Text API),MiniMax-M2.7,0.0000,0.0000,41987,0,41987,2026-03-19 18:00-19:00,SUCCESS
主账号,coding_plan,chatcompletion-v2(Text API),MiniMax-M2.7,0.0000,0.0000,567117,3708,570825,2026-03-19 18:00-19:00,SUCCESS
主账号,coding_plan,cache-read(Text API),MiniMax-M2.7,0.0000,0.0000,1347233,0,1347233,2026-03-19 17:00-18:00,SUCCESS
主账号,coding_plan,cache-create(Text API),MiniMax-M2.7,0.0000,0.0000,256796,0,256796,2026-03-19 17:00-18:00,SUCCESS
主账号,coding_plan,chatcompletion-v2(Text API),MiniMax-M2.7,0.0000,0.0000,2016457,46131,2062588,2026-03-19 17:00-18:00,SUCCESS
主账号,coding_plan,cache-read(Text API),MiniMax-M2.7,0.0000,0.0000,1402435,0,1402435,2026-03-19 16:00-17:00,SUCCESS
主账号,coding_plan,cache-create(Text API),MiniMax-M2.7,0.0000,0.0000,293693,0,293693,2026-03-19 16:00-17:00,SUCCESS
主账号,coding_plan,chatcompletion-v2(Text API),MiniMax-M2.7,0.0000,0.0000,1735543,46352,1781895,2026-03-19 16:00-17:00,SUCCESS
主账号,coding_plan,cache-create(Text API),MiniMax-M2.7,0.0000,0.0000,56156,0,56156,2026-03-19 15:00-16:00,SUCCESS
主账号,coding_plan,cache-read(Text API),MiniMax-M2.7,0.0000,0.0000,390922,0,390922,2026-03-19 15:00-16:00,SUCCESS
主账号,coding_plan,chatcompletion-v2(Text API),MiniMax-M2.7,0.0000,0.0000,179925,8421,188346,2026-03-19 15:00-16:00,SUCCESS
主账号,coding_plan,cache-read(Text API),MiniMax-M2.7,0.0000,0.0000,460589,0,460589,2026-03-19 14:00-15:00,SUCCESS
主账号,coding_plan,cache-create(Text API),MiniMax-M2.7,0.0000,0.0000,106108,0,106108,2026-03-19 14:00-15:00,SUCCESS
主账号,coding_plan,chatcompletion-v2(Text API),MiniMax-M2.7,0.0000,0.0000,743068,14786,757854,2026-03-19 14:00-15:00,SUCCESS
主账号,coding_plan,cache-create(Text API),MiniMax-M2.7,0.0000,0.0000,20059,0,20059,2026-03-19 13:00-14:00,SUCCESS
主账号,coding_plan,chatcompletion-v2(Text API),MiniMax-M2.7,0.0000,0.0000,139,226,365,2026-03-19 13:00-14:00,SUCCESS
主账号,coding_plan,cache-create(Text API),MiniMax-M2.7,0.0000,0.0000,26323,0,26323,2026-03-19 11:00-12:00,SUCCESS
主账号,coding_plan,cache-read(Text API),MiniMax-M2.7,0.0000,0.0000,128415,0,128415,2026-03-19 11:00-12:00,SUCCESS
主账号,coding_plan,chatcompletion-v2(Text API),MiniMax-M2.7,0.0000,0.0000,16311,1322,17633,2026-03-19 11:00-12:00,SUCCESS
主账号,coding_plan,cache-read(Text API),MiniMax-M2.5,0.0000,0.0000,64362,0,64362,2026-03-19 09:00-10:00,SUCCESS
主账号,coding_plan,chatcompletion-v2(Text API),MiniMax-M2.5,0.0000,0.0000,25538,44,25582,2026-03-19 09:00-10:00,SUCCESS
主账号,coding_plan,cache-create(Text API),MiniMax-M2.5,0.0000,0.0000,65658,0,65658,2026-03-19 08:00-09:00,SUCCESS
主账号,coding_plan,cache-read(Text API),MiniMax-M2.5,0.0000,0.0000,959469,0,959469,2026-03-19 08:00-09:00,SUCCESS
主账号,coding_plan,chatcompletion-v2(Text API),MiniMax-M2.5,0.0000,0.0000,793564,5307,798871,2026-03-19 08:00-09:00,SUCCESS
主账号,coding_plan,cache-read(Text API),MiniMax-M2.5,0.0000,0.0000,1585899,0,1585899,2026-03-18 22:00-23:00,SUCCESS
主账号,coding_plan,chatcompletion-v2(Text API),MiniMax-M2.5,0.0000,0.0000,4419626,39401,4459027,2026-03-18 22:00-23:00,SUCCESS
主账号,coding_plan,cache-create(Text API),MiniMax-M2.5,0.0000,0.0000,201356,0,201356,2026-03-18 21:00-22:00,SUCCESS
主账号,coding_plan,cache-read(Text API),MiniMax-M2.5,0.0000,0.0000,4675643,0,4675643,2026-03-18 21:00-22:00,SUCCESS
主账号,coding_plan,chatcompletion-v2(Text API),MiniMax-M2.5,0.0000,0.0000,8080162,51122,8131284,2026-03-18 21:00-22:00,SUCCESS
主账号,coding_plan,cache-create(Text API),MiniMax-M2.5,0.0000,0.0000,68345,0,68345,2026-03-18 20:00-21:00,SUCCESS
主账号,coding_plan,cache-read(Text API),MiniMax-M2.5,0.0000,0.0000,192102,0,192102,2026-03-18 20:00-21:00,SUCCESS
主账号,coding_plan,chatcompletion-v2(Text API),MiniMax-M2.5,0.0000,0.0000,237221,3508,240729,2026-03-18 20:00-21:00,SUCCESS
主账号,coding_plan,cache-read(Text API),MiniMax-M2.5,0.0000,0.0000,981502,0,981502,2026-03-18 16:00-17:00,SUCCESS
主账号,coding_plan,cache-create(Text API),MiniMax-M2.5,0.0000,0.0000,193733,0,193733,2026-03-18 16:00-17:00,SUCCESS
主账号,coding_plan,chatcompletion-v2(Text API),MiniMax-M2.5,0.0000,0.0000,1167514,8520,1176034,2026-03-18 16:00-17:00,SUCCESS
主账号,coding_plan,cache-create(Text API),MiniMax-M2.5,0.0000,0.0000,136436,0,136436,2026-03-18 15:00-16:00,SUCCESS
主账号,coding_plan,cache-read(Text API),MiniMax-M2.5,0.0000,0.0000,1948943,0,1948943,2026-03-18 15:00-16:00,SUCCESS
主账号,coding_plan,chatcompletion-v2(Text API),MiniMax-M2.5,0.0000,0.0000,2299280,15642,2314922,2026-03-18 15:00-16:00,SUCCESS
主账号,coding_plan,cache-read(Text API),MiniMax-M2.5,0.0000,0.0000,1327228,0,1327228,2026-03-18 14:00-15:00,SUCCESS
主账号,coding_plan,cache-create(Text API),MiniMax-M2.5,0.0000,0.0000,62347,0,62347,2026-03-18 14:00-15:00,SUCCESS
主账号,coding_plan,chatcompletion-v2(Text API),MiniMax-M2.5,0.0000,0.0000,1921575,9428,1931003,2026-03-18 14:00-15:00,SUCCESS
主账号,coding_plan,cache-read(Text API),MiniMax-M2.5,0.0000,0.0000,2849472,0,2849472,2026-03-18 13:00-14:00,SUCCESS
主账号,coding_plan,cache-create(Text API),MiniMax-M2.5,0.0000,0.0000,167842,0,167842,2026-03-18 13:00-14:00,SUCCESS
主账号,coding_plan,chatcompletion-v2(Text API),MiniMax-M2.5,0.0000,0.0000,4751951,60537,4812488,2026-03-18 13:00-14:00,SUCCESS
主账号,coding_plan,cache-read(Text API),MiniMax-M2.5,0.0000,0.0000,1768396,0,1768396,2026-03-18 11:00-12:00,SUCCESS
主账号,coding_plan,cache-create(Text API),MiniMax-M2.5,0.0000,0.0000,81282,0,81282,2026-03-18 11:00-12:00,SUCCESS
主账号,coding_plan,chatcompletion-v2(Text API),MiniMax-M2.5,0.0000,0.0000,3292699,40558,3333257,2026-03-18 11:00-12:00,SUCCESS
主账号,coding_plan,cache-read(Text API),MiniMax-M2.5,0.0000,0.0000,74599,0,74599,2026-03-18 10:00-11:00,SUCCESS
主账号,coding_plan,cache-create(Text API),MiniMax-M2.5,0.0000,0.0000,39525,0,39525,2026-03-18 10:00-11:00,SUCCESS
主账号,coding_plan,chatcompletion-v2(Text API),MiniMax-M2.5,0.0000,0.0000,10017,2562,12579,2026-03-18 10:00-11:00,SUCCESS
主账号,coding_plan,code_plan_purchase,subscribe,0.0000,0.0000,<nil>,<nil>,0,2026-03-18 10:00-11:00,SUCCESS
